{"1301.T": {"PER": 6.8811927, "PBR": 0.7559115, "DivYield": 2.67}, "1305.T": {"PER": 13.736798, "PBR": null, "DivYield": 2.09}, "1306.T": {"PER": 13.742219, "PBR": null, "DivYield": 2.06}, "1308.T": {"PER": 13.76548, "PBR": null, "DivYield": 2.05}, "1309.T": {"PER": null, "PBR": null, "DivYield": 0.0}, "1311.T": {"PER": 14.668108, "PBR": null, "DivYield": 1.78}, "1319.T": {"PER": 13.443362, "PBR": null, "DivYield": 1.81}, "1320.T": {"PER": 18.242056, "PBR": null, "DivYield": 1.62}, "1321.T": {"PER": 18.225628, "PBR": null, "DivYield": 1.6}, "1322.T": {"PER": 12.832762, "PBR": null, "DivYield": 0.0}, "1325.T": {"PER": 5.822106, "PBR": null, "DivYield": 5.33}, "1326.T": {"PER": null, "PBR": 256.6214, "DivYield": null}, "1328.T": {"PER": null, "PBR": null, "DivYield": 0.0}, "1329.T": {"PER": 17.984344, "PBR": null, "DivYield": 1.94}, "1330.T": {"PER": 18.230413, "PBR": null, "DivYield": 1.64}, "1332.T": {"PER": 11.585382, "PBR": 1.0239669, "DivYield": 3.24}, "1333.T": {"PER": 7.440206, "PBR": 0.71962, "DivYield": 3.44}, "1343.T": {"PER": 20.366169, "PBR": null, "DivYield": 4.57}, "1345.T": {"PER": 20.325453, "PBR": null, "DivYield": 4.38}, "1346.T": {"PER": 17.993813, "PBR": null, "DivYield": 1.84}, "1348.T": {"PER": 13.588915, "PBR": null, "DivYield": 2.27}, "1349.T": {"PER": null, "PBR": 135.80278, "DivYield": null}, "1356.T": {"PER": null, "PBR": null, "DivYield": 0.0}, "1357.T": {"PER": null, "PBR": null, "DivYield": 0.0}, "1358.T": {"PER": 17.272587, "PBR": null, "DivYield": 0.36}, "1360.T": {"PER": null, "PBR": null, "DivYield": 0.0}, "1364.T": {"PER": 13.8971, "PBR": null, "DivYield": 2.32}, "1365.T": {"PER": null, "PBR": null, "DivYield": 0.0}, "1366.T": {"PER": null, "PBR": null, "DivYield": 0.0}, "1367.T": {"PER": null, "PBR": null, "DivYield": 0.0}, "1368.T": {"PER": null, "PBR": null, "DivYield": 0.0}, "1369.T": {"PER": 18.254938, "PBR": null, "DivYield": 1.61}, "1375.T": {"PER": 29.314358, "PBR": 3.3180172, "DivYield": 1.58}, "1376.T": {"PER": 14.265693, "PBR": 0.6571675, "DivYield": 3.09}, "1377.T": {"PER": 7.7697606, "PBR": 0.8761019, "DivYield": 2.13}, "1379.T": {"PER": 12.57377, "PBR": 1.0211475, "DivYield": 2.76}, "1380.T": {"PER": null, "PBR": 1.950947, "DivYield": 2.0}, "1381.T": {"PER": 12.422203, "PBR": 0.78926766, "DivYield": 6.67}, "1382.T": {"PER": 57.23641, "PBR": 1.76581, "DivYield": 5.83}, "1383.T": {"PER": 117.71041, "PBR": 2.655611, "DivYield": 0.66}, "1384.T": {"PER": 9.565916, "PBR": 1.3216846, "DivYield": 9.0}}