iter	MAE
0	0.06224476379
1	0.06191747465
2	0.06163574776
3	0.06136972892
4	0.0611049755
5	0.06081475398
6	0.06056654439
7	0.06028426464
8	0.060001486
9	0.05977652344
10	0.05952583406
11	0.05931705404
12	0.05922585128
13	0.05913974618
14	0.05891701221
15	0.05869266538
16	0.05850754749
17	0.05827225105
18	0.0581966308
19	0.05812348467
20	0.05792101652
21	0.05785220118
22	0.05766101507
