iter	MAE
0	0.07693563813
1	0.07653714293
2	0.07617366608
3	0.07581248575
4	0.07545787379
5	0.07512222816
6	0.07480035172
7	0.07449395772
8	0.07419860426
9	0.07390865584
10	0.07363530026
