iter	MAE
0	0.06526110493
1	0.06495862992
2	0.06458892796
3	0.06427236108
4	0.06400194266
5	0.0637712252
6	0.06359389344
7	0.06339314027
8	0.06327737307
9	0.06321981181
10	0.06318293863
11	0.06313591748
12	0.06309182947
13	0.063011018
14	0.06290111539
15	0.06274111147
16	0.06259972938
17	0.06256424557
18	0.06248356934
19	0.06245249457
20	0.06240022603
21	0.06231002282
22	0.06227327676
23	0.06219448724
24	0.06216601299
