iter	MAE
0	0.06491318601
1	0.0645052566
2	0.06412555115
3	0.063771228
4	0.06344052168
5	0.06312974601
6	0.06286822637
7	0.06263238857
8	0.06242549561
9	0.06220771482
10	0.06202959076
11	0.06185284253
12	0.06168188156
13	0.06156125791
14	0.0614342682
15	0.06132748197
16	0.06120765625
17	0.0611071038
