iter	MAE
0	0.06491526459
1	0.06456030059
2	0.06421794645
3	0.06391426475
4	0.06364828697
5	0.06348331062
6	0.06332350236
7	0.06316696716
8	0.062962946
9	0.06281103858
10	0.06268645865
11	0.06253273028
12	0.06242396057
