iter	MAE
0	0.06489079747
1	0.0643774317
2	0.06394726367
3	0.06358889866
4	0.06329085295
5	0.06303563302
6	0.06284972494
7	0.06269585224
8	0.06252563729
9	0.0623828748
